img,name,price,city
https://ecs7.tokopedia.net/assets-tokopedia-lite/v2/zeus/production/e5b8438b.svg,baju tidur wanita/piyama wanita/baju tidur murah motif flamboyan,Rp86.500,Fashion Wanita
https://ecs7.tokopedia.net/assets-tokopedia-lite/v2/zeus/production/e5b8438b.svg,daster/baju tidur daster/sleep dress/piyama murah/baju tidur wanita,Rp75.000,Fashion Wanita
https://ecs7.tokopedia.net/assets-tokopedia-lite/v2/zeus/production/e5b8438b.svg,baju tidur murah/piyama murah/piyama wanita/baju tidur wanita/baju tid,Rp75.000,Fashion Wanita
https://ecs7.tokopedia.net/assets-tokopedia-lite/v2/zeus/production/e5b8438b.svg,piyama tie dye set wanita modern lengan panjang,Rp125.000,Fashion Wanita
https://ecs7.tokopedia.net/assets-tokopedia-lite/v2/zeus/production/e5b8438b.svg,baju tidur piyama pria bahan kaos import lengan panjang celana panjang,Rp89.999,Fashion Wanita
https://ecs7.tokopedia.net/assets-tokopedia-lite/v2/zeus/production/e5b8438b.svg,baju tidur wanita camisole+ celana piyama sexy wanita nightwear kr1011,Rp43.800,Fashion Wanita
https://ecs7.tokopedia.net/assets-tokopedia-lite/v2/zeus/production/e5b8438b.svg,voowo baju wanita set piyama model kartun perempuan baju tidur,Rp34.900,Fashion Wanita
https://ecs7.tokopedia.net/assets-tokopedia-lite/v2/zeus/production/e5b8438b.svg,piyama wanita dewasa | baju tidur perempuan | bahan katun satin lembut,Rp129.999,Fashion Wanita
https://ecs7.tokopedia.net/assets-tokopedia-lite/v2/zeus/production/e5b8438b.svg,baju tidur cewek/wanita piyama pajamas satin murah,Rp42.999,Fashion Wanita
https://ecs7.tokopedia.net/assets-tokopedia-lite/v2/zeus/production/e5b8438b.svg,celana panjang piyama pria dewasa hicoop men hsc 91,Rp43.900,Fashion Wanita
https://ecs7.tokopedia.net/assets-tokopedia-lite/v2/zeus/production/e5b8438b.svg,baju tidur piyama wanita/cewek katun karakter murah,Rp50.000,Fashion Wanita
https://ecs7.tokopedia.net/assets-tokopedia-lite/v2/zeus/production/e5b8438b.svg,setelan piyama pendek tie dye wanita bali,Rp33.999,Fashion Wanita
https://ecs7.tokopedia.net/assets-tokopedia-lite/v2/zeus/production/e5b8438b.svg,kultur at home - midi set - baju tidur lounge sleepwear jumbo big size,Rp123.750,Fashion Wanita
https://ecs7.tokopedia.net/assets-tokopedia-lite/v2/zeus/production/e5b8438b.svg,piyama bayi - sleepsuit (0-2years),Rp61.500,Fashion Wanita
https://ecs7.tokopedia.net/assets-tokopedia-lite/v2/zeus/production/e5b8438b.svg,baju tidur wanita/setelan piyama/setelan wanita batik/bathek buana,Rp76.560,Fashion Wanita
https://ecs7.tokopedia.net/assets-tokopedia-lite/v2/zeus/production/e5b8438b.svg,baju tidur wanita import set spandex premium / piyama wanita set impor,Rp56.900,Fashion Wanita
https://ecs7.tokopedia.net/assets-tokopedia-lite/v2/zeus/production/e5b8438b.svg,baju tidur wanita dewasa piyama katun rayon lengan celana pendek murah,Rp35.990,Fashion Wanita
https://ecs7.tokopedia.net/assets-tokopedia-lite/v2/zeus/production/e5b8438b.svg,"piyama pria wanita dewasa lengan panjang (pp) | baju tidur pria wanita - maroon, l",Rp119.999,Fashion Wanita
https://ecs7.tokopedia.net/assets-tokopedia-lite/v2/zeus/production/e5b8438b.svg,baju tidur wanita set spandeks motif kotak model korea premium import,Rp65.900,Fashion Wanita
https://ecs7.tokopedia.net/assets-tokopedia-lite/v2/zeus/production/e5b8438b.svg,daster wanita/ daster piyama dewasa / baju tidur busui bumil wanita,Rp83.000,Fashion Wanita
https://ecs7.tokopedia.net/assets-tokopedia-lite/v2/zeus/production/e5b8438b.svg,baju tidur anak / setelan panjang anak / baju celana panjang,Rp51.000,Fashion Wanita
https://ecs7.tokopedia.net/assets-tokopedia-lite/v2/zeus/production/e5b8438b.svg,baju tidur rayon/piyama dewasa/baju tidur wanita/homewear unik,Rp95.000,Fashion Wanita
https://ecs7.tokopedia.net/assets-tokopedia-lite/v2/zeus/production/e5b8438b.svg,ap baju tidur anak kaos import4,Rp37.300,Fashion Wanita
https://ecs7.tokopedia.net/assets-tokopedia-lite/v2/zeus/production/e5b8438b.svg,piyama big size boy girl 2 3 4 5 6 7 8 9 10 velvet junior 3 stel,Rp189.732,Fashion Wanita
https://ecs7.tokopedia.net/assets-tokopedia-lite/v2/zeus/production/e5b8438b.svg,baju tidur wanita/piyama cewe motif big coco,Rp33.500,Fashion Wanita
https://ecs7.tokopedia.net/assets-tokopedia-lite/v2/zeus/production/e5b8438b.svg,piyama big size boy 2 3 4 5 6 7 8 9 10 velvet junior,Rp65.732,Fashion Wanita
https://ecs7.tokopedia.net/assets-tokopedia-lite/v2/zeus/production/e5b8438b.svg,daster busui full kancing depan rayon premium s - xl baju tidur wanita,Rp78.957,Fashion Wanita
https://ecs7.tokopedia.net/assets-tokopedia-lite/v2/zeus/production/e5b8438b.svg,daster jumbo pola baju tidur santai dress bunga batik,Rp53.000,Fashion Wanita
https://ecs7.tokopedia.net/assets-tokopedia-lite/v2/zeus/production/e5b8438b.svg,jumbo baju tidur wanita piyama setelan rayon cp celana panjang - polos,Rp114.900,Fashion Wanita
https://ecs7.tokopedia.net/assets-tokopedia-lite/v2/zeus/production/e5b8438b.svg,nyonya piyama poly bamboo oversized cozy set lengan panjang polos v.2,Rp139.900,Fashion Wanita
https://ecs7.tokopedia.net/assets-tokopedia-lite/v2/zeus/production/e5b8438b.svg,big size lingerie baju tidur daster sexy satin fit to xxl,Rp54.500,Fashion Wanita
https://ecs7.tokopedia.net/assets-tokopedia-lite/v2/zeus/production/e5b8438b.svg,piyama wanita / baju tidur wanita,Rp110.000,Fashion Wanita
https://ecs7.tokopedia.net/assets-tokopedia-lite/v2/zeus/production/e5b8438b.svg,kultur at home - midi set - setelan celana midi baju tidur piyama,Rp140.000,Fashion Wanita
https://ecs7.tokopedia.net/assets-tokopedia-lite/v2/zeus/production/e5b8438b.svg,baju tidur wanita / piyama / setelan wanita batik rayon kulot 7/8 adem,Rp70.000,Fashion Wanita
https://ecs7.tokopedia.net/assets-tokopedia-lite/v2/zeus/production/e5b8438b.svg,setelan piyama wanita / baju tidur dewasa / rayon / celana panjang,Rp82.460,Fashion Wanita
https://ecs7.tokopedia.net/assets-tokopedia-lite/v2/zeus/production/e5b8438b.svg,baju tidur cewek/wanita piyama pajamas satin silky murah,Rp46.000,Fashion Wanita
https://ecs7.tokopedia.net/assets-tokopedia-lite/v2/zeus/production/e5b8438b.svg,baju tidur wanita piyama setelan rayon cp celana panjang - polos,Rp99.900,Fashion Wanita
https://ecs7.tokopedia.net/assets-tokopedia-lite/v2/zeus/production/e5b8438b.svg,"daster / dress baju tidur wanita (tersedia 4 motif,di slide yaa)",Rp99.000,Fashion Wanita
https://ecs7.tokopedia.net/assets-tokopedia-lite/v2/zeus/production/e5b8438b.svg,babydoll setelan one set piyama wanita dewasa rayon - lengan panjang,Rp79.800,Fashion Wanita
https://ecs7.tokopedia.net/assets-tokopedia-lite/v2/zeus/production/e5b8438b.svg,babydoll setelan one set piyama wanita dewasa rayon - celana pendek,Rp57.400,Fashion Wanita
https://ecs7.tokopedia.net/assets-tokopedia-lite/v2/zeus/production/e5b8438b.svg,baju tidur / setelan / piyama import anak laki. brand melody.,Rp42.500,Fashion Wanita
https://ecs7.tokopedia.net/assets-tokopedia-lite/v2/zeus/production/e5b8438b.svg,daster jumbo ld 150 160 daster kekinian baju tidur jumbo daster busui,Rp41.900,Fashion Wanita
https://ecs7.tokopedia.net/assets-tokopedia-lite/v2/zeus/production/e5b8438b.svg,baju tidur wanita jumbo setelan celana panjang / piyama wanita bigsize,Rp72.653,Fashion Wanita
https://ecs7.tokopedia.net/assets-tokopedia-lite/v2/zeus/production/e5b8438b.svg,baju tidur piyama wanita/piyama dewasa/ piyama cewek murah,Rp86.500,Fashion Wanita
https://ecs7.tokopedia.net/assets-tokopedia-lite/v2/zeus/production/e5b8438b.svg,dealshop baju tidur anak bahan kaos import5,Rp36.500,Fashion Wanita
https://ecs7.tokopedia.net/assets-tokopedia-lite/v2/zeus/production/e5b8438b.svg,nyonya piyama poly bamboo oversized cozy set celana panjang polos v.2,Rp129.900,Fashion Wanita
https://ecs7.tokopedia.net/assets-tokopedia-lite/v2/zeus/production/e5b8438b.svg,baju tidur wanita piyama setelan rayon pp tangan panjang - polos,Rp109.900,Fashion Wanita
https://ecs7.tokopedia.net/assets-tokopedia-lite/v2/zeus/production/e5b8438b.svg,setelan baju tidur piyama panjang velvet junior sml lb ll xl xxl,Rp55.432,Fashion Wanita
https://ecs7.tokopedia.net/assets-tokopedia-lite/v2/zeus/production/e5b8438b.svg,piyama pria baju tidur pria piyama cowok dewasa baju tidur cowok,Rp86.900,Fashion Wanita
https://ecs7.tokopedia.net/assets-tokopedia-lite/v2/zeus/production/e5b8438b.svg,baju tidur wanita/daster kencana ungu 04 label biru (100% original),Rp72.500,Fashion Wanita
https://ecs7.tokopedia.net/assets-tokopedia-lite/v2/zeus/production/e5b8438b.svg,piyama wanita rayon premium remaja busui kancing celana panjang s xl,Rp90.818,Fashion Wanita
https://ecs7.tokopedia.net/assets-tokopedia-lite/v2/zeus/production/e5b8438b.svg,baju tidur piyama anak laki bagus keren maruno,Rp60.000,Fashion Wanita
https://ecs7.tokopedia.net/assets-tokopedia-lite/v2/zeus/production/e5b8438b.svg,baju tidur piyama swan pria pp katun,Rp149.900,Fashion Wanita
https://ecs7.tokopedia.net/assets-tokopedia-lite/v2/zeus/production/e5b8438b.svg,sleepwear pajamas baju tidur sexy wanita bahan satin premium 165,Rp88.000,Fashion Wanita
https://ecs7.tokopedia.net/assets-tokopedia-lite/v2/zeus/production/e5b8438b.svg,ap baju tidur anak kaos import5,Rp37.300,Fashion Wanita
https://ecs7.tokopedia.net/assets-tokopedia-lite/v2/zeus/production/e5b8438b.svg,ajwpedia piyama lengan panjang impor | piyama wanita dewasa import,Rp64.999,Fashion Wanita
https://ecs7.tokopedia.net/assets-tokopedia-lite/v2/zeus/production/e5b8438b.svg,piyama anak / baju tidur anak motif laki laki perempuan,Rp14.500,Fashion Wanita
https://ecs7.tokopedia.net/assets-tokopedia-lite/v2/zeus/production/e5b8438b.svg,baju tidur wanita jumbo lengan celana panjang / piyama wanita bigsize,Rp105.000,Fashion Wanita
https://ecs7.tokopedia.net/assets-tokopedia-lite/v2/zeus/production/e5b8438b.svg,baju tidur piyama pajamas satin silky velvet cewek/wanita dewasa pp,Rp54.999,Fashion Wanita
https://ecs7.tokopedia.net/assets-tokopedia-lite/v2/zeus/production/e5b8438b.svg,setelan baju tidur anak laki laki/ piyama anak pria 4-12 tahun,Rp56.900,Fashion Wanita
https://ecs7.tokopedia.net/assets-tokopedia-lite/v2/zeus/production/e5b8438b.svg,nyonya piyama poly bamboo piyama celana pendek 7/8 - polos comfy 02,Rp124.900,Fashion Wanita
https://ecs7.tokopedia.net/assets-tokopedia-lite/v2/zeus/production/e5b8438b.svg,piyama set wanita lengan pendek snoopy / baju tidur lengan pendek set,Rp55.900,Fashion Wanita
https://ecs7.tokopedia.net/assets-tokopedia-lite/v2/zeus/production/e5b8438b.svg,babydoll setelan one set piyama wanita dewasa rayon - celana panjang,Rp69.125,Fashion Wanita
https://ecs7.tokopedia.net/assets-tokopedia-lite/v2/zeus/production/e5b8438b.svg,piyama pria dewasa | baju tidur laki laki dewasa | bahan katun satin,Rp129.999,Fashion Wanita
https://ecs7.tokopedia.net/assets-tokopedia-lite/v2/zeus/production/e5b8438b.svg,(bisa pilih motif) piyama anak termurah 0-8 tahun polymikro,Rp15.700,Fashion Wanita
https://ecs7.tokopedia.net/assets-tokopedia-lite/v2/zeus/production/e5b8438b.svg,setelan baju tidur anak laki-laki usia 3-12 tahun,Rp57.900,Fashion Wanita
https://ecs7.tokopedia.net/assets-tokopedia-lite/v2/zeus/production/e5b8438b.svg,babydoll setelan one set piyama wanita dewasa rayon - celana 7/8,Rp63.000,Fashion Wanita
https://ecs7.tokopedia.net/assets-tokopedia-lite/v2/zeus/production/e5b8438b.svg,nyonya piyama poly bamboo oversized cozy set celana pendek polos vol 2,Rp114.900,Fashion Wanita
