"img","name","price","city"
"https://ecs7.tokopedia.net/assets-tokopedia-lite/v2/zeus/production/e5b8438b.svg","baju tidur wanita/piyama wanita/baju tidur murah MOTIF FLAMBOYAN","Rp86.500","Fashion Wanita"
"https://ecs7.tokopedia.net/assets-tokopedia-lite/v2/zeus/production/e5b8438b.svg","daster/baju tidur daster/sleep dress/piyama murah/baju tidur wanita","Rp75.000","Fashion Wanita"
"https://ecs7.tokopedia.net/assets-tokopedia-lite/v2/zeus/production/e5b8438b.svg","baju tidur murah/piyama murah/piyama wanita/baju tidur wanita/baju tid","Rp75.000","Fashion Wanita"
"https://ecs7.tokopedia.net/assets-tokopedia-lite/v2/zeus/production/e5b8438b.svg","Piyama Tie Dye Set Wanita Modern Lengan Panjang","Rp125.000","Fashion Wanita"
"https://ecs7.tokopedia.net/assets-tokopedia-lite/v2/zeus/production/e5b8438b.svg","baju tidur piyama pria bahan kaos IMPORT lengan panjang celana panjang","Rp89.999","Fashion Wanita"
"https://ecs7.tokopedia.net/assets-tokopedia-lite/v2/zeus/production/e5b8438b.svg","Baju Tidur Wanita Camisole+ Celana Piyama Sexy Wanita Nightwear KR1011","Rp43.800","Fashion Wanita"
"https://ecs7.tokopedia.net/assets-tokopedia-lite/v2/zeus/production/e5b8438b.svg","Voowo Baju Wanita Set Piyama Model Kartun Perempuan Baju Tidur","Rp34.900","Fashion Wanita"
"https://ecs7.tokopedia.net/assets-tokopedia-lite/v2/zeus/production/e5b8438b.svg","Piyama Wanita Dewasa | Baju tidur Perempuan | Bahan Katun Satin Lembut","Rp129.999","Fashion Wanita"
"https://ecs7.tokopedia.net/assets-tokopedia-lite/v2/zeus/production/e5b8438b.svg","baju tidur wanita/piyama wanita/baju tidur murah MOTIF FLAMBOYAN","Rp86.500","Fashion Wanita"
"https://ecs7.tokopedia.net/assets-tokopedia-lite/v2/zeus/production/e5b8438b.svg","daster/baju tidur daster/sleep dress/piyama murah/baju tidur wanita","Rp75.000","Fashion Wanita"
"https://ecs7.tokopedia.net/assets-tokopedia-lite/v2/zeus/production/e5b8438b.svg","Baju Tidur Cewek/Wanita Piyama Pajamas Satin Murah","Rp42.999","Fashion Wanita"
"https://ecs7.tokopedia.net/assets-tokopedia-lite/v2/zeus/production/e5b8438b.svg","baju tidur murah/piyama murah/piyama wanita/baju tidur wanita/baju tid","Rp75.000","Fashion Wanita"
"https://ecs7.tokopedia.net/assets-tokopedia-lite/v2/zeus/production/e5b8438b.svg","Celana panjang piyama pria dewasa Hicoop men HSC 91","Rp43.900","Fashion Wanita"
"https://ecs7.tokopedia.net/assets-tokopedia-lite/v2/zeus/production/e5b8438b.svg","Baju Tidur Piyama Wanita/Cewek Katun Karakter Murah","Rp50.000","Fashion Wanita"
"https://ecs7.tokopedia.net/assets-tokopedia-lite/v2/zeus/production/e5b8438b.svg","SETELAN PIYAMA PENDEK TIE DYE WANITA BALI","Rp33.999","Fashion Wanita"
"https://ecs7.tokopedia.net/assets-tokopedia-lite/v2/zeus/production/e5b8438b.svg","Kultur at Home - Midi Set - Baju Tidur Lounge Sleepwear Jumbo Big Size","Rp123.750","Fashion Wanita"
"https://ecs7.tokopedia.net/assets-tokopedia-lite/v2/zeus/production/e5b8438b.svg","baju tidur piyama pria bahan kaos IMPORT lengan panjang celana panjang","Rp89.999","Fashion Wanita"
"https://ecs7.tokopedia.net/assets-tokopedia-lite/v2/zeus/production/e5b8438b.svg","Piyama Bayi - Sleepsuit (0-2Years)","Rp61.500","Fashion Wanita"
"https://ecs7.tokopedia.net/assets-tokopedia-lite/v2/zeus/production/e5b8438b.svg","Baju Tidur Wanita/Setelan Piyama/Setelan Wanita Batik/Bathek Buana","Rp76.560","Fashion Wanita"
"https://ecs7.tokopedia.net/assets-tokopedia-lite/v2/zeus/production/e5b8438b.svg","Baju tidur wanita import set spandex premium / piyama wanita set impor","Rp56.900","Fashion Wanita"
"https://ecs7.tokopedia.net/assets-tokopedia-lite/v2/zeus/production/e5b8438b.svg","Baju Tidur Wanita Dewasa Piyama Katun Rayon Lengan Celana Pendek Murah","Rp35.990","Fashion Wanita"
"https://ecs7.tokopedia.net/assets-tokopedia-lite/v2/zeus/production/e5b8438b.svg","piyama pria wanita dewasa lengan panjang (PP) | baju tidur pria wanita - Maroon, L","Rp119.999","Fashion Wanita"
"https://ecs7.tokopedia.net/assets-tokopedia-lite/v2/zeus/production/e5b8438b.svg","Baju tidur wanita set spandeks motif kotak model korea premium import","Rp65.900","Fashion Wanita"
"https://ecs7.tokopedia.net/assets-tokopedia-lite/v2/zeus/production/e5b8438b.svg","Baju Tidur Wanita Camisole+ Celana Piyama Sexy Wanita Nightwear KR1011","Rp43.800","Fashion Wanita"
"https://ecs7.tokopedia.net/assets-tokopedia-lite/v2/zeus/production/e5b8438b.svg","DASTER WANITA/ DASTER PIYAMA DEWASA / BAJU TIDUR BUSUI BUMIL WANITA","Rp83.000","Fashion Wanita"
"https://ecs7.tokopedia.net/assets-tokopedia-lite/v2/zeus/production/e5b8438b.svg","baju tidur anak / setelan panjang anak / baju celana panjang","Rp51.000","Fashion Wanita"
"https://ecs7.tokopedia.net/assets-tokopedia-lite/v2/zeus/production/e5b8438b.svg","baju tidur rayon/piyama dewasa/baju tidur wanita/homewear unik","Rp95.000","Fashion Wanita"
"https://ecs7.tokopedia.net/assets-tokopedia-lite/v2/zeus/production/e5b8438b.svg","ap BAJU TIDUR ANAK KAOS IMPORT4","Rp37.300","Fashion Wanita"
"https://ecs7.tokopedia.net/assets-tokopedia-lite/v2/zeus/production/e5b8438b.svg","PIYAMA BIG SIZE BOY GIRL 2 3 4 5 6 7 8 9 10 VELVET JUNIOR 3 STEL","Rp189.732","Fashion Wanita"
"https://ecs7.tokopedia.net/assets-tokopedia-lite/v2/zeus/production/e5b8438b.svg","Baju Tidur wanita/Piyama Cewe Motif Big coco","Rp33.500","Fashion Wanita"
"https://ecs7.tokopedia.net/assets-tokopedia-lite/v2/zeus/production/e5b8438b.svg","PIYAMA BIG SIZE BOY 2 3 4 5 6 7 8 9 10 VELVET JUNIOR","Rp65.732","Fashion Wanita"
"https://ecs7.tokopedia.net/assets-tokopedia-lite/v2/zeus/production/e5b8438b.svg","Daster Busui Full Kancing Depan Rayon Premium S - XL Baju Tidur Wanita","Rp78.957","Fashion Wanita"
"https://ecs7.tokopedia.net/assets-tokopedia-lite/v2/zeus/production/e5b8438b.svg","daster jumbo pola baju tidur santai dress bunga batik","Rp53.000","Fashion Wanita"
"https://ecs7.tokopedia.net/assets-tokopedia-lite/v2/zeus/production/e5b8438b.svg","JUMBO Baju Tidur Wanita Piyama Setelan Rayon CP Celana Panjang - Polos","Rp114.900","Fashion Wanita"
"https://ecs7.tokopedia.net/assets-tokopedia-lite/v2/zeus/production/e5b8438b.svg","Nyonya Piyama Poly Bamboo Oversized Cozy Set Lengan Panjang Polos V.2","Rp139.900","Fashion Wanita"
"https://ecs7.tokopedia.net/assets-tokopedia-lite/v2/zeus/production/e5b8438b.svg","Big Size Lingerie Baju Tidur Daster Sexy Satin Fit to XXL","Rp54.500","Fashion Wanita"
"https://ecs7.tokopedia.net/assets-tokopedia-lite/v2/zeus/production/e5b8438b.svg","PIYAMA WANITA / BAJU TIDUR WANITA","Rp110.000","Fashion Wanita"
"https://ecs7.tokopedia.net/assets-tokopedia-lite/v2/zeus/production/e5b8438b.svg","Kultur at Home - Midi Set - Setelan Celana Midi Baju Tidur Piyama","Rp140.000","Fashion Wanita"
"https://ecs7.tokopedia.net/assets-tokopedia-lite/v2/zeus/production/e5b8438b.svg","BAJU TIDUR WANITA / PIYAMA / SETELAN WANITA BATIK RAYON KULOT 7/8 ADEM","Rp70.000","Fashion Wanita"
"https://ecs7.tokopedia.net/assets-tokopedia-lite/v2/zeus/production/e5b8438b.svg","SETELAN PIYAMA WANITA / BAJU TIDUR DEWASA / RAYON / CELANA PANJANG","Rp82.460","Fashion Wanita"
"https://ecs7.tokopedia.net/assets-tokopedia-lite/v2/zeus/production/e5b8438b.svg","Baju Tidur Cewek/Wanita Piyama Pajamas Satin Silky Murah","Rp46.000","Fashion Wanita"
"https://ecs7.tokopedia.net/assets-tokopedia-lite/v2/zeus/production/e5b8438b.svg","Baju Tidur Wanita Piyama Setelan Rayon CP Celana Panjang - Polos","Rp99.900","Fashion Wanita"
"https://ecs7.tokopedia.net/assets-tokopedia-lite/v2/zeus/production/e5b8438b.svg","DASTER / DRESS BAJU TIDUR WANITA (tersedia 4 motif,di slide yaa)","Rp99.000","Fashion Wanita"
"https://ecs7.tokopedia.net/assets-tokopedia-lite/v2/zeus/production/e5b8438b.svg","Babydoll Setelan One Set Piyama Wanita Dewasa Rayon - Lengan Panjang","Rp79.800","Fashion Wanita"
"https://ecs7.tokopedia.net/assets-tokopedia-lite/v2/zeus/production/e5b8438b.svg","Babydoll Setelan One Set Piyama Wanita Dewasa Rayon - Celana Pendek","Rp57.400","Fashion Wanita"
"https://ecs7.tokopedia.net/assets-tokopedia-lite/v2/zeus/production/e5b8438b.svg","Baju tidur / setelan / piyama import anak laki. Brand melody.","Rp42.500","Fashion Wanita"
"https://ecs7.tokopedia.net/assets-tokopedia-lite/v2/zeus/production/e5b8438b.svg","DASTER JUMBO LD 150 160 DASTER KEKINIAN BAJU TIDUR JUMBO DASTER BUSUI","Rp41.900","Fashion Wanita"
"https://ecs7.tokopedia.net/assets-tokopedia-lite/v2/zeus/production/e5b8438b.svg","Baju tidur wanita jumbo setelan celana panjang / piyama wanita bigsize","Rp72.653","Fashion Wanita"
"https://ecs7.tokopedia.net/assets-tokopedia-lite/v2/zeus/production/e5b8438b.svg","baju tidur piyama wanita/piyama dewasa/ piyama cewek murah","Rp86.500","Fashion Wanita"
"https://ecs7.tokopedia.net/assets-tokopedia-lite/v2/zeus/production/e5b8438b.svg","dealshop BAJU TIDUR ANAK BAHAN KAOS IMPORT5","Rp36.500","Fashion Wanita"
"https://ecs7.tokopedia.net/assets-tokopedia-lite/v2/zeus/production/e5b8438b.svg","Nyonya Piyama Poly Bamboo Oversized Cozy Set Celana Panjang Polos V.2","Rp129.900","Fashion Wanita"
"https://ecs7.tokopedia.net/assets-tokopedia-lite/v2/zeus/production/e5b8438b.svg","Baju Tidur Wanita Piyama Setelan Rayon PP Tangan Panjang - Polos","Rp109.900","Fashion Wanita"
"https://ecs7.tokopedia.net/assets-tokopedia-lite/v2/zeus/production/e5b8438b.svg","Setelan Baju Tidur Piyama Panjang Velvet Junior SML LB LL XL XXL","Rp55.432","Fashion Wanita"
"https://ecs7.tokopedia.net/assets-tokopedia-lite/v2/zeus/production/e5b8438b.svg","Piyama Pria Baju Tidur Pria Piyama Cowok Dewasa Baju Tidur Cowok","Rp86.900","Fashion Wanita"
"https://ecs7.tokopedia.net/assets-tokopedia-lite/v2/zeus/production/e5b8438b.svg","Baju tidur wanita/Daster Kencana Ungu 04 Label Biru (100% Original)","Rp72.500","Fashion Wanita"
"https://ecs7.tokopedia.net/assets-tokopedia-lite/v2/zeus/production/e5b8438b.svg","Piyama wanita rayon premium remaja busui kancing celana panjang S XL","Rp90.818","Fashion Wanita"
"https://ecs7.tokopedia.net/assets-tokopedia-lite/v2/zeus/production/e5b8438b.svg","Baju Tidur Piyama Anak Laki Bagus Keren MARUNO","Rp60.000","Fashion Wanita"
"https://ecs7.tokopedia.net/assets-tokopedia-lite/v2/zeus/production/e5b8438b.svg","Baju Tidur Piyama SWAN Pria PP Katun","Rp149.900","Fashion Wanita"
"https://ecs7.tokopedia.net/assets-tokopedia-lite/v2/zeus/production/e5b8438b.svg","Sleepwear pajamas baju tidur sexy wanita bahan satin premium 165","Rp88.000","Fashion Wanita"
"https://ecs7.tokopedia.net/assets-tokopedia-lite/v2/zeus/production/e5b8438b.svg","ap BAJU TIDUR ANAK KAOS IMPORT5","Rp37.300","Fashion Wanita"
"https://ecs7.tokopedia.net/assets-tokopedia-lite/v2/zeus/production/e5b8438b.svg","AJWPedia Piyama Lengan Panjang Impor | Piyama Wanita Dewasa Import","Rp64.999","Fashion Wanita"
"https://ecs7.tokopedia.net/assets-tokopedia-lite/v2/zeus/production/e5b8438b.svg","piyama anak / baju tidur anak motif laki laki perempuan","Rp14.500","Fashion Wanita"
"https://ecs7.tokopedia.net/assets-tokopedia-lite/v2/zeus/production/e5b8438b.svg","Baju tidur wanita jumbo LENGAN CELANA panjang / piyama wanita bigsize","Rp105.000","Fashion Wanita"
"https://ecs7.tokopedia.net/assets-tokopedia-lite/v2/zeus/production/e5b8438b.svg","Baju Tidur Piyama Pajamas Satin silky velvet Cewek/Wanita Dewasa PP","Rp54.999","Fashion Wanita"
"https://ecs7.tokopedia.net/assets-tokopedia-lite/v2/zeus/production/e5b8438b.svg","Setelan Baju Tidur Anak Laki Laki/ Piyama Anak Pria 4-12 tahun","Rp56.900","Fashion Wanita"
"https://ecs7.tokopedia.net/assets-tokopedia-lite/v2/zeus/production/e5b8438b.svg","Nyonya Piyama Poly Bamboo Piyama Celana Pendek 7/8 - Polos Comfy 02","Rp124.900","Fashion Wanita"
"https://ecs7.tokopedia.net/assets-tokopedia-lite/v2/zeus/production/e5b8438b.svg","piyama set wanita lengan pendek snoopy / baju tidur lengan pendek set","Rp55.900","Fashion Wanita"
"https://ecs7.tokopedia.net/assets-tokopedia-lite/v2/zeus/production/e5b8438b.svg","Babydoll Setelan One Set Piyama Wanita Dewasa Rayon - Celana Panjang","Rp69.125","Fashion Wanita"
"https://ecs7.tokopedia.net/assets-tokopedia-lite/v2/zeus/production/e5b8438b.svg","Piyama Pria Dewasa | Baju Tidur Laki laki Dewasa | Bahan katun Satin","Rp129.999","Fashion Wanita"
"https://ecs7.tokopedia.net/assets-tokopedia-lite/v2/zeus/production/e5b8438b.svg","(BISA PILIH MOTIF) PIYAMA ANAK TERMURAH 0-8 TAHUN POLYMIKRO","Rp15.700","Fashion Wanita"
"https://ecs7.tokopedia.net/assets-tokopedia-lite/v2/zeus/production/e5b8438b.svg","Setelan Baju Tidur Anak Laki-Laki usia 3-12 Tahun","Rp57.900","Fashion Wanita"
"https://ecs7.tokopedia.net/assets-tokopedia-lite/v2/zeus/production/e5b8438b.svg","Babydoll Setelan One Set Piyama Wanita Dewasa Rayon - Celana 7/8","Rp63.000","Fashion Wanita"
"https://ecs7.tokopedia.net/assets-tokopedia-lite/v2/zeus/production/e5b8438b.svg","Nyonya Piyama Poly Bamboo Oversized Cozy Set Celana Pendek Polos Vol 2","Rp114.900","Fashion Wanita"
